sample_id,sample_num,sample,treatment,ancestral,conc_ng_µl,sequence,F_or_R
1-1_A_TAAGGCGA-TAGATCGC_L001_R1_001.fastq.gz,1,1,A,warm,1.57,TAAGGCGA-TAGATCGC,R1
1-1_A_TAAGGCGA-TAGATCGC_L001_R2_001.fastq.gz,1,1,A,warm,1.57,TAAGGCGA-TAGATCGC,R2
2-2_A_TAAGGCGA-CTCTCTAT_L001_R1_001.fastq.gz,2,2,A,amb,22.4,TAAGGCGA-CTCTCTAT,R1
2-2_A_TAAGGCGA-CTCTCTAT_L001_R2_001.fastq.gz,2,2,A,amb,22.4,TAAGGCGA-CTCTCTAT,R2
3-3_A_TAAGGCGA-TATCCTCT_L001_R1_001.fastq.gz,3,3,A,amb,19.8,TAAGGCGA-TATCCTCT,R1
3-3_A_TAAGGCGA-TATCCTCT_L001_R2_001.fastq.gz,3,3,A,amb,19.8,TAAGGCGA-TATCCTCT,R2
4-4_A_TAAGGCGA-AGAGTAGA_L001_R2_001.fastq.gz,4,4,A,warm,4.71,TAAGGCGA-AGAGTAGA,R2
4-4_A_TAAGGCGA-AGAGTAGA_L001_R1_001.fastq.gz,4,4,A,warm,4.71,TAAGGCGA-AGAGTAGA,R1
5-5_A_TAAGGCGA-GTAAGGAG_L001_R2_001.fastq.gz,5,5,A,amb,11.2,TAAGGCGA-GTAAGGAG,R2
5-5_A_TAAGGCGA-GTAAGGAG_L001_R1_001.fastq.gz,5,5,A,amb,11.2,TAAGGCGA-GTAAGGAG,R1
6-6_A_TAAGGCGA-ACTGCATA_L001_R2_001.fastq.gz,6,6,A,warm,9.53,TAAGGCGA-ACTGCATA,R2
6-6_A_TAAGGCGA-ACTGCATA_L001_R1_001.fastq.gz,6,6,A,warm,9.53,TAAGGCGA-ACTGCATA,R1
7-7_A_TAAGGCGA-AAGGAGTA_L001_R2_001.fastq.gz,7,7,A,amb,28.7,TAAGGCGA-AAGGAGTA,R2
7-7_A_TAAGGCGA-AAGGAGTA_L001_R1_001.fastq.gz,7,7,A,amb,28.7,TAAGGCGA-AAGGAGTA,R1
8-8_A_TAAGGCGA-CTAAGCCT_L001_R2_001.fastq.gz,8,8,A,warm,6.92,TAAGGCGA-CTAAGCCT,R2
8-8_A_TAAGGCGA-CTAAGCCT_L001_R1_001.fastq.gz,8,8,A,warm,6.92,TAAGGCGA-CTAAGCCT,R1
9-9_A_CGTACTAG-TAGATCGC_L001_R2_001.fastq.gz,9,9,A,warm,2.38,CGTACTAG-TAGATCGC,R2
9-9_A_CGTACTAG-TAGATCGC_L001_R1_001.fastq.gz,9,9,A,warm,2.38,CGTACTAG-TAGATCGC,R1
10-10_A_CGTACTAG-CTCTCTAT_L001_R1_001.fastq.gz,10,10,A,amb,16.8,CGTACTAG-CTCTCTAT,R1
10-10_A_CGTACTAG-CTCTCTAT_L001_R2_001.fastq.gz,10,10,A,amb,16.8,CGTACTAG-CTCTCTAT,R2
11-11_A_CGTACTAG-TATCCTCT_L001_R2_001.fastq.gz,11,11,A,amb,17.4,CGTACTAG-TATCCTCT,R2
11-11_A_CGTACTAG-TATCCTCT_L001_R1_001.fastq.gz,11,11,A,amb,17.4,CGTACTAG-TATCCTCT,R1
12-12_A_CGTACTAG-AGAGTAGA_L001_R2_001.fastq.gz,12,12,A,warm,1.86,CGTACTAG-AGAGTAGA,R2
12-12_A_CGTACTAG-AGAGTAGA_L001_R1_001.fastq.gz,12,12,A,warm,1.86,CGTACTAG-AGAGTAGA,R1
14-14_A_CGTACTAG-ACTGCATA_L001_R2_001.fastq.gz,14,14,A,warm,6.66,CGTACTAG-ACTGCATA,R2
14-14_A_CGTACTAG-ACTGCATA_L001_R1_001.fastq.gz,14,14,A,warm,6.66,CGTACTAG-ACTGCATA,R1
15-15_A_CGTACTAG-AAGGAGTA_L001_R2_001.fastq.gz,15,15,A,warm,1.72,CGTACTAG-AAGGAGTA,R2
15-15_A_CGTACTAG-AAGGAGTA_L001_R1_001.fastq.gz,15,15,A,warm,1.72,CGTACTAG-AAGGAGTA,R1
16-16_A_CGTACTAG-CTAAGCCT_L001_R1_001.fastq.gz,16,16,A,amb,19.5,CGTACTAG-CTAAGCCT,R1
16-16_A_CGTACTAG-CTAAGCCT_L001_R2_001.fastq.gz,16,16,A,amb,19.5,CGTACTAG-CTAAGCCT,R2
17-17_A_AGGCAGAA-TAGATCGC_L001_R2_001.fastq.gz,17,17,A,warm,8.88,AGGCAGAA-TAGATCGC,R2
17-17_A_AGGCAGAA-TAGATCGC_L001_R1_001.fastq.gz,17,17,A,warm,8.88,AGGCAGAA-TAGATCGC,R1
18-18_A_AGGCAGAA-CTCTCTAT_L001_R1_001.fastq.gz,18,18,A,amb,18.6,AGGCAGAA-CTCTCTAT,R1
18-18_A_AGGCAGAA-CTCTCTAT_L001_R2_001.fastq.gz,18,18,A,amb,18.6,AGGCAGAA-CTCTCTAT,R2
19-19_A_AGGCAGAA-TATCCTCT_L001_R1_001.fastq.gz,19,19,A,warm,3.25,AGGCAGAA-TATCCTCT,R1
19-19_A_AGGCAGAA-TATCCTCT_L001_R2_001.fastq.gz,19,19,A,warm,3.25,AGGCAGAA-TATCCTCT,R2
20-20_A_AGGCAGAA-AGAGTAGA_L001_R2_001.fastq.gz,20,20,A,amb,6.94,AGGCAGAA-AGAGTAGA,R2
20-20_A_AGGCAGAA-AGAGTAGA_L001_R1_001.fastq.gz,20,20,A,amb,6.94,AGGCAGAA-AGAGTAGA,R1
31-1_W_TCCTGAGC-AAGGAGTA_L001_R2_001.fastq.gz,31,1,W,warm,5.38,TCCTGAGC-AAGGAGTA,R2
31-1_W_TCCTGAGC-AAGGAGTA_L001_R1_001.fastq.gz,31,1,W,warm,5.38,TCCTGAGC-AAGGAGTA,R1
32-2_W_TCCTGAGC-CTAAGCCT_L001_R2_001.fastq.gz,32,2,W,amb,25.2,TCCTGAGC-CTAAGCCT,R2
32-2_W_TCCTGAGC-CTAAGCCT_L001_R1_001.fastq.gz,32,2,W,amb,25.2,TCCTGAGC-CTAAGCCT,R1
33-3_W_GGACTCCT-TAGATCGC_L001_R2_001.fastq.gz,33,3,W,amb,10.5,GGACTCCT-TAGATCGC,R2
33-3_W_GGACTCCT-TAGATCGC_L001_R1_001.fastq.gz,33,3,W,amb,10.5,GGACTCCT-TAGATCGC,R1
34-4_W_GGACTCCT-CTCTCTAT_L001_R1_001.fastq.gz,34,4,W,warm,6.43,GGACTCCT-CTCTCTAT,R1
34-4_W_GGACTCCT-CTCTCTAT_L001_R2_001.fastq.gz,34,4,W,warm,6.43,GGACTCCT-CTCTCTAT,R2
35-5_W_GGACTCCT-TATCCTCT_L001_R2_001.fastq.gz,35,5,W,amb,18.1,GGACTCCT-TATCCTCT,R2
35-5_W_GGACTCCT-TATCCTCT_L001_R1_001.fastq.gz,35,5,W,amb,18.1,GGACTCCT-TATCCTCT,R1
36-6_W_GGACTCCT-AGAGTAGA_L001_R2_001.fastq.gz,36,6,W,warm,5.9,GGACTCCT-AGAGTAGA,R2
36-6_W_GGACTCCT-AGAGTAGA_L001_R1_001.fastq.gz,36,6,W,warm,5.9,GGACTCCT-AGAGTAGA,R1
37-7_W_GGACTCCT-GTAAGGAG_L001_R2_001.fastq.gz,37,7,W,amb,34.8,GGACTCCT-GTAAGGAG,R2
37-7_W_GGACTCCT-GTAAGGAG_L001_R1_001.fastq.gz,37,7,W,amb,34.8,GGACTCCT-GTAAGGAG,R1
38-8_W_GGACTCCT-ACTGCATA_L001_R2_001.fastq.gz,38,8,W,warm,2.89,GGACTCCT-ACTGCATA,R2
38-8_W_GGACTCCT-ACTGCATA_L001_R1_001.fastq.gz,38,8,W,warm,2.89,GGACTCCT-ACTGCATA,R1
39-9_W_GGACTCCT-AAGGAGTA_L001_R2_001.fastq.gz,39,9,W,warm,4.71,GGACTCCT-AAGGAGTA,R2
39-9_W_GGACTCCT-AAGGAGTA_L001_R1_001.fastq.gz,39,9,W,warm,4.71,GGACTCCT-AAGGAGTA,R1
40-10_W_GGACTCCT-CTAAGCCT_L001_R2_001.fastq.gz,40,10,W,amb,31.2,GGACTCCT-CTAAGCCT,R2
40-10_W_GGACTCCT-CTAAGCCT_L001_R1_001.fastq.gz,40,10,W,amb,31.2,GGACTCCT-CTAAGCCT,R1
41-11_W_TAGGCATG-TAGATCGC_L001_R2_001.fastq.gz,41,11,W,amb,23.4,TAGGCATG-TAGATCGC,R2
41-11_W_TAGGCATG-TAGATCGC_L001_R1_001.fastq.gz,41,11,W,amb,23.4,TAGGCATG-TAGATCGC,R1
42-12_W_TAGGCATG-CTCTCTAT_L001_R1_001.fastq.gz,42,12,W,warm,11.9,TAGGCATG-CTCTCTAT,R1
42-12_W_TAGGCATG-CTCTCTAT_L001_R2_001.fastq.gz,42,12,W,warm,11.9,TAGGCATG-CTCTCTAT,R2
44-14_W_TAGGCATG-AGAGTAGA_L001_R2_001.fastq.gz,44,14,W,warm,6.09,TAGGCATG-AGAGTAGA,R2
44-14_W_TAGGCATG-AGAGTAGA_L001_R1_001.fastq.gz,44,14,W,warm,6.09,TAGGCATG-AGAGTAGA,R1
45-15_W_TAGGCATG-GTAAGGAG_L001_R2_001.fastq.gz,45,15,W,warm,7.33,TAGGCATG-GTAAGGAG,R2
45-15_W_TAGGCATG-GTAAGGAG_L001_R1_001.fastq.gz,45,15,W,warm,7.33,TAGGCATG-GTAAGGAG,R1
46-16_W_TAGGCATG-ACTGCATA_L001_R1_001.fastq.gz,46,16,W,amb,37.1,TAGGCATG-ACTGCATA,R1
46-16_W_TAGGCATG-ACTGCATA_L001_R2_001.fastq.gz,46,16,W,amb,37.1,TAGGCATG-ACTGCATA,R2
47-17_W_TAGGCATG-AAGGAGTA_L001_R2_001.fastq.gz,47,17,W,warm,14.1,TAGGCATG-AAGGAGTA,R2
47-17_W_TAGGCATG-AAGGAGTA_L001_R1_001.fastq.gz,47,17,W,warm,14.1,TAGGCATG-AAGGAGTA,R1
48-18_W_TAGGCATG-CTAAGCCT_L001_R2_001.fastq.gz,48,18,W,amb,38,TAGGCATG-CTAAGCCT,R2
48-18_W_TAGGCATG-CTAAGCCT_L001_R1_001.fastq.gz,48,18,W,amb,38,TAGGCATG-CTAAGCCT,R1
49-19_W_CTCTCTAC-TAGATCGC_L001_R2_001.fastq.gz,49,19,W,warm,10.2,CTCTCTAC-TAGATCGC,R2
49-19_W_CTCTCTAC-TAGATCGC_L001_R1_001.fastq.gz,49,19,W,warm,10.2,CTCTCTAC-TAGATCGC,R1
50-20_W_CTCTCTAC-CTCTCTAT_L001_R1_001.fastq.gz,50,20,W,amb,31.5,CTCTCTAC-CTCTCTAT,R1
50-20_W_CTCTCTAC-CTCTCTAT_L001_R2_001.fastq.gz,50,20,W,amb,31.5,CTCTCTAC-CTCTCTAT,R2